[{"id":"user-image-3a1.jpg","publicUrl":"np://user.desktop.nicepage.com/Site_934101630/images/3a1.jpg","size":4217119,"hash":"UdcgmzQqvuVaZ1+x/vbRus/OZ8E=","fileName":"3a1.jpg","name":"3a1","width":4032,"height":3024,"thumbnail":{"url":"np://user.desktop.nicepage.com/Site_934101630/images/thumbnails/3a1.jpg","width":250,"height":188},"folderId":"user-image-folder-cadb4b85-c355-449c-b2ee-13f979783cbc","usages":["1548412517"]},{"id":"user-image-5c1.jpg","publicUrl":"np://user.desktop.nicepage.com/Site_934101630/images/5c1.jpg","size":2937961,"hash":"r3sZ0d9F3VjFn5Nzr8dyQxjXC+0=","fileName":"5c1.jpg","name":"5c1","width":3024,"height":4032,"thumbnail":{"url":"np://user.desktop.nicepage.com/Site_934101630/images/thumbnails/5c1.jpg","width":188,"height":250},"folderId":"user-image-folder-cadb4b85-c355-449c-b2ee-13f979783cbc","usages":["1548412517"]},{"id":"user-image-5b1.jpg","publicUrl":"np://user.desktop.nicepage.com/Site_934101630/images/5b1.jpg","size":3123208,"hash":"/sbKbjsGFxTxprCtW/l77V53D0c=","fileName":"5b1.jpg","name":"5b1","width":3024,"height":4032,"thumbnail":{"url":"np://user.desktop.nicepage.com/Site_934101630/images/thumbnails/5b1.jpg","width":188,"height":250},"folderId":"user-image-folder-cadb4b85-c355-449c-b2ee-13f979783cbc","usages":["1548412517"]},{"id":"user-image-1a1.jpg","publicUrl":"np://user.desktop.nicepage.com/Site_934101630/images/1a1.jpg","size":3451173,"hash":"7I+hZwpOWpyNhsDD98wuWfCYm7U=","fileName":"1a1.jpg","name":"1a1","width":3024,"height":4032,"thumbnail":{"url":"np://user.desktop.nicepage.com/Site_934101630/images/thumbnails/1a1.jpg","width":188,"height":250},"folderId":"user-image-folder-cadb4b85-c355-449c-b2ee-13f979783cbc","usages":["1548412517"]},{"id":"user-image-5a1.jpg","publicUrl":"np://user.desktop.nicepage.com/Site_934101630/images/5a1.jpg","size":3310389,"hash":"/aUDdvC33Ud02LS/OvAvDJk8isQ=","fileName":"5a1.jpg","name":"5a1","width":3024,"height":4032,"thumbnail":{"url":"np://user.desktop.nicepage.com/Site_934101630/images/thumbnails/5a1.jpg","width":188,"height":250},"folderId":"user-image-folder-cadb4b85-c355-449c-b2ee-13f979783cbc","usages":["1548412517"]},{"id":"user-image-3c1.jpg","publicUrl":"np://user.desktop.nicepage.com/Site_934101630/images/3c1.jpg","size":2905926,"hash":"n/zlJYBpdTPjCfncTMfUEt51JRU=","fileName":"3c1.jpg","name":"3c1","width":3024,"height":4032,"thumbnail":{"url":"np://user.desktop.nicepage.com/Site_934101630/images/thumbnails/3c1.jpg","width":188,"height":250},"folderId":"user-image-folder-cadb4b85-c355-449c-b2ee-13f979783cbc","usages":["1548412517"]},{"id":"user-image-3b1.jpg","publicUrl":"np://user.desktop.nicepage.com/Site_934101630/images/3b1.jpg","size":4190911,"hash":"3l/rNPubru4Pvxf0ngSAhKDtacE=","fileName":"3b1.jpg","name":"3b1","width":3024,"height":4032,"thumbnail":{"url":"np://user.desktop.nicepage.com/Site_934101630/images/thumbnails/3b1.jpg","width":188,"height":250},"folderId":"user-image-folder-cadb4b85-c355-449c-b2ee-13f979783cbc","usages":["1548412517"]},{"id":"user-image-2b1.jpg","publicUrl":"np://user.desktop.nicepage.com/Site_934101630/images/2b1.jpg","size":3273365,"hash":"ksovA60wtMqpWBKDjMmZC9h0EAE=","fileName":"2b1.jpg","name":"2b1","width":3024,"height":4032,"thumbnail":{"url":"np://user.desktop.nicepage.com/Site_934101630/images/thumbnails/2b1.jpg","width":188,"height":250},"folderId":"user-image-folder-cadb4b85-c355-449c-b2ee-13f979783cbc","usages":["1548412517"]},{"id":"user-image-10b1.jpg","publicUrl":"np://user.desktop.nicepage.com/Site_934101630/images/10b1.jpg","size":3441362,"hash":"Ku5bfZn8BcfvMAk0VJCNud1Wp1A=","fileName":"10b1.jpg","name":"10b1","width":3024,"height":4032,"thumbnail":{"url":"np://user.desktop.nicepage.com/Site_934101630/images/thumbnails/10b1.jpg","width":188,"height":250},"folderId":"user-image-folder-cadb4b85-c355-449c-b2ee-13f979783cbc","usages":["1548412517"]},{"id":"user-image-2a1.jpg","publicUrl":"np://user.desktop.nicepage.com/Site_934101630/images/2a1.jpg","size":1970410,"hash":"CHH6x0mSTgw5jpbWvWZXyaH8/qg=","fileName":"2a1.jpg","name":"2a1","width":2316,"height":3088,"thumbnail":{"url":"np://user.desktop.nicepage.com/Site_934101630/images/thumbnails/2a1.jpg","width":188,"height":250},"folderId":"user-image-folder-cadb4b85-c355-449c-b2ee-13f979783cbc","usages":["1548412517"]},{"id":"user-image-11a.jpg","publicUrl":"np://user.desktop.nicepage.com/Site_934101630/images/11a.jpg","size":4933319,"hash":"ywHuGTj6lJrQasnz/E5wO9gdWF0=","fileName":"11a.jpg","name":"11a","width":4032,"height":3024,"thumbnail":{"url":"np://user.desktop.nicepage.com/Site_934101630/images/thumbnails/11a.jpg","width":250,"height":188},"folderId":"user-image-folder-cadb4b85-c355-449c-b2ee-13f979783cbc","usages":["1548412517"]},{"id":"user-image-10a.jpg","publicUrl":"np://user.desktop.nicepage.com/Site_934101630/images/10a.jpg","size":3584113,"hash":"3Vaa3ZkYdrdj9Q5UswjHukLmrGw=","fileName":"10a.jpg","name":"10a","width":3024,"height":4032,"thumbnail":{"url":"np://user.desktop.nicepage.com/Site_934101630/images/thumbnails/10a.jpg","width":188,"height":250},"folderId":"user-image-folder-cadb4b85-c355-449c-b2ee-13f979783cbc","usages":["1548412517"]},{"id":"user-image-8a.jpg","publicUrl":"np://user.desktop.nicepage.com/Site_934101630/images/8a.jpg","size":3745572,"hash":"Pw8hGV16rq47ndYszL+PCpFNC64=","fileName":"8a.jpg","name":"8a","width":3024,"height":4032,"thumbnail":{"url":"np://user.desktop.nicepage.com/Site_934101630/images/thumbnails/8a.jpg","width":188,"height":250},"folderId":"user-image-folder-cadb4b85-c355-449c-b2ee-13f979783cbc","usages":["1548412517"]},{"id":"user-image-8c.jpg","publicUrl":"np://user.desktop.nicepage.com/Site_934101630/images/8c.jpg","size":3396700,"hash":"i+9Gy0zghw0puDSvPeJtDrjE9x0=","fileName":"8c.jpg","name":"8c","width":3024,"height":4032,"thumbnail":{"url":"np://user.desktop.nicepage.com/Site_934101630/images/thumbnails/8c.jpg","width":188,"height":250},"folderId":"user-image-folder-cadb4b85-c355-449c-b2ee-13f979783cbc","usages":["1548412517"]},{"id":"user-image-9a.jpg","publicUrl":"np://user.desktop.nicepage.com/Site_934101630/images/9a.jpg","size":4123293,"hash":"VcCkiKI1JjQP8TMUAtQDlg0CnTQ=","fileName":"9a.jpg","name":"9a","width":4032,"height":3024,"thumbnail":{"url":"np://user.desktop.nicepage.com/Site_934101630/images/thumbnails/9a.jpg","width":250,"height":188},"folderId":"user-image-folder-cadb4b85-c355-449c-b2ee-13f979783cbc","usages":["1548412517"]},{"id":"user-image-8b.jpg","publicUrl":"np://user.desktop.nicepage.com/Site_934101630/images/8b.jpg","size":3822988,"hash":"TjT64FN6x/xYUPH1fO5BM3I9WoY=","fileName":"8b.jpg","name":"8b","width":3024,"height":4032,"thumbnail":{"url":"np://user.desktop.nicepage.com/Site_934101630/images/thumbnails/8b.jpg","width":188,"height":250},"folderId":"user-image-folder-cadb4b85-c355-449c-b2ee-13f979783cbc","usages":["1548412517"]},{"id":"user-image-6b.jpg","publicUrl":"np://user.desktop.nicepage.com/Site_934101630/images/6b.jpg","size":3537427,"hash":"fDwY20pLsa+CQ4FYwOmV8BPM2YU=","fileName":"6b.jpg","name":"6b","width":4032,"height":3024,"thumbnail":{"url":"np://user.desktop.nicepage.com/Site_934101630/images/thumbnails/6b.jpg","width":250,"height":188},"folderId":"user-image-folder-cadb4b85-c355-449c-b2ee-13f979783cbc","usages":["1548412517"]},{"id":"user-image-7a.jpg","publicUrl":"np://user.desktop.nicepage.com/Site_934101630/images/7a.jpg","size":3168112,"hash":"jscsC1Abvrfh1XIQS9EfCam/UNo=","fileName":"7a.jpg","name":"7a","width":3024,"height":4032,"thumbnail":{"url":"np://user.desktop.nicepage.com/Site_934101630/images/thumbnails/7a.jpg","width":188,"height":250},"folderId":"user-image-folder-cadb4b85-c355-449c-b2ee-13f979783cbc","usages":["1548412517"]},{"id":"user-image-6a.jpg","publicUrl":"np://user.desktop.nicepage.com/Site_934101630/images/6a.jpg","size":3352575,"hash":"3v8WbuqixfI0XHu+QlW4wdR7QlU=","fileName":"6a.jpg","name":"6a","width":4032,"height":3024,"thumbnail":{"url":"np://user.desktop.nicepage.com/Site_934101630/images/thumbnails/6a.jpg","width":250,"height":188},"folderId":"user-image-folder-cadb4b85-c355-449c-b2ee-13f979783cbc","usages":["1548412517"]},{"id":"user-image-4a.jpg","publicUrl":"np://user.desktop.nicepage.com/Site_934101630/images/4a.jpg","size":3436642,"hash":"Snm+Fm9sfWq8UMCsBNXvi3jc+PA=","fileName":"4a.jpg","name":"4a","width":4032,"height":3024,"thumbnail":{"url":"np://user.desktop.nicepage.com/Site_934101630/images/thumbnails/4a.jpg","width":250,"height":188},"folderId":"user-image-folder-cadb4b85-c355-449c-b2ee-13f979783cbc","usages":["1548412517"]},{"id":"user-image-12a.jpg","publicUrl":"np://user.desktop.nicepage.com/Site_934101630/images/12a.jpg","size":3820988,"hash":"3+pq/MDqP190j1c+3WErRODIHHc=","fileName":"12a.jpg","name":"12a","width":3024,"height":4032,"thumbnail":{"url":"np://user.desktop.nicepage.com/Site_934101630/images/thumbnails/12a.jpg","width":188,"height":250},"folderId":"user-image-folder-cadb4b85-c355-449c-b2ee-13f979783cbc","usages":["1548412517"]},{"id":"user-image-1b.jpg","publicUrl":"np://user.desktop.nicepage.com/Site_934101630/images/1b.jpg","size":3189299,"hash":"sZX+2GkGRtzlgn2oQ7vd7xAggbQ=","fileName":"1b.jpg","name":"1b","width":3024,"height":4032,"thumbnail":{"url":"np://user.desktop.nicepage.com/Site_934101630/images/thumbnails/1b.jpg","width":188,"height":250},"folderId":"user-image-folder-cadb4b85-c355-449c-b2ee-13f979783cbc","usages":["1548412517"]},{"id":"user-image-7b.jpg","publicUrl":"np://user.desktop.nicepage.com/Site_934101630/images/7b.jpg","size":1992312,"hash":"gY1OQJCP/qj4lIqIspKESdQXa70=","fileName":"7b.jpg","name":"7b","width":2316,"height":3088,"thumbnail":{"url":"np://user.desktop.nicepage.com/Site_934101630/images/thumbnails/7b.jpg","width":188,"height":250},"folderId":"user-image-folder-cadb4b85-c355-449c-b2ee-13f979783cbc","usages":["1548412517"]},{"id":"user-image-Screenshot2025-09-09160932.png","publicUrl":"np://user.desktop.nicepage.com/Site_934101630/images/Screenshot2025-09-09160932.png","size":522255,"hash":"h9JDQP76h40Lqt/xhSe0ppkmxeM=","fileName":"Screenshot2025-09-09160932.png","name":"Screenshot2025-09-09160932","width":724,"height":814,"thumbnail":{"url":"np://user.desktop.nicepage.com/Site_934101630/images/thumbnails/Screenshot2025-09-09160932.png","width":222,"height":250},"folderId":null,"usages":["588500395"]},{"id":"user-image-4a.png","publicUrl":"np://user.desktop.nicepage.com/Site_934101630/images/4a.png","size":54519,"hash":"yLKVdPvNr39rYBqiE807nXn47Kc=","fileName":"4a.png","name":"4a","width":741,"height":686,"thumbnail":{"url":"np://user.desktop.nicepage.com/Site_934101630/images/thumbnails/4a.png","width":250,"height":231},"folderId":"user-image-folder-de701d90-c9a6-8e94-3e4f-f3b2f300ed32","usages":["15419857"]},{"id":"user-image-3b.jpg","publicUrl":"np://user.desktop.nicepage.com/Site_934101630/images/3b.jpg","size":2582448,"hash":"wQNH03VDXT3PJG2nwL2+OBs5KbI=","fileName":"3b.jpg","name":"3b","width":3024,"height":4032,"thumbnail":{"url":"np://user.desktop.nicepage.com/Site_934101630/images/thumbnails/3b.jpg","width":188,"height":250},"folderId":"user-image-folder-de701d90-c9a6-8e94-3e4f-f3b2f300ed32","usages":["15419857"]},{"id":"user-image-3a.jpg","publicUrl":"np://user.desktop.nicepage.com/Site_934101630/images/3a.jpg","size":2023874,"hash":"gGhlmp4LRw4jAuPtE24p/2m/2FM=","fileName":"3a.jpg","name":"3a","width":3024,"height":4032,"thumbnail":{"url":"np://user.desktop.nicepage.com/Site_934101630/images/thumbnails/3a.jpg","width":188,"height":250},"folderId":"user-image-folder-de701d90-c9a6-8e94-3e4f-f3b2f300ed32","usages":["15419857"]},{"id":"user-image-3c.jpg","publicUrl":"np://user.desktop.nicepage.com/Site_934101630/images/3c.jpg","size":1849467,"hash":"HjptT1wUiKzPQgzNeebR2/UZS4M=","fileName":"3c.jpg","name":"3c","width":3024,"height":4032,"thumbnail":{"url":"np://user.desktop.nicepage.com/Site_934101630/images/thumbnails/3c.jpg","width":188,"height":250},"folderId":"user-image-folder-de701d90-c9a6-8e94-3e4f-f3b2f300ed32","usages":["15419857"]},{"id":"user-image-5a.jpg","publicUrl":"np://user.desktop.nicepage.com/Site_934101630/images/5a.jpg","size":4445464,"hash":"dth/asLf117WoocASkhFF2q7v6Y=","fileName":"5a.jpg","name":"5a","width":3024,"height":4032,"thumbnail":{"url":"np://user.desktop.nicepage.com/Site_934101630/images/thumbnails/5a.jpg","width":188,"height":250},"folderId":"user-image-folder-de701d90-c9a6-8e94-3e4f-f3b2f300ed32","usages":["15419857"]},{"id":"user-image-4c.jpg","publicUrl":"np://user.desktop.nicepage.com/Site_934101630/images/4c.jpg","size":4131969,"hash":"sQhCJGrng4TpxEJoESSOBo2FrV8=","fileName":"4c.jpg","name":"4c","width":4032,"height":3024,"thumbnail":{"url":"np://user.desktop.nicepage.com/Site_934101630/images/thumbnails/4c.jpg","width":250,"height":188},"folderId":"user-image-folder-de701d90-c9a6-8e94-3e4f-f3b2f300ed32","usages":["15419857"]},{"id":"user-image-4e.jpg","publicUrl":"np://user.desktop.nicepage.com/Site_934101630/images/4e.jpg","size":2436230,"hash":"ispUVl39HBofLevr0a+eSt+JhM8=","fileName":"4e.jpg","name":"4e","width":3024,"height":4032,"thumbnail":{"url":"np://user.desktop.nicepage.com/Site_934101630/images/thumbnails/4e.jpg","width":188,"height":250},"folderId":"user-image-folder-de701d90-c9a6-8e94-3e4f-f3b2f300ed32","usages":["15419857"]},{"id":"user-image-5b.jpg","publicUrl":"np://user.desktop.nicepage.com/Site_934101630/images/5b.jpg","size":2310348,"hash":"mMVJkGOTqXs6wD/48oQmcmgcJoo=","fileName":"5b.jpg","name":"5b","width":3024,"height":4032,"thumbnail":{"url":"np://user.desktop.nicepage.com/Site_934101630/images/thumbnails/5b.jpg","width":188,"height":250},"folderId":"user-image-folder-de701d90-c9a6-8e94-3e4f-f3b2f300ed32","usages":["15419857"]},{"id":"user-image-1a.jpg","publicUrl":"np://user.desktop.nicepage.com/Site_934101630/images/1a.jpg","size":4003381,"hash":"+D9m8nEtY0KEB/l/ZVC9d9Gl4O8=","fileName":"1a.jpg","name":"1a","width":3024,"height":4032,"thumbnail":{"url":"np://user.desktop.nicepage.com/Site_934101630/images/thumbnails/1a.jpg","width":188,"height":250},"folderId":"user-image-folder-de701d90-c9a6-8e94-3e4f-f3b2f300ed32","usages":["15419857"]},{"id":"user-image-2b.jpg","publicUrl":"np://user.desktop.nicepage.com/Site_934101630/images/2b.jpg","size":2494290,"hash":"b1yXpeK18XA7yozpzwMEIcWeGkE=","fileName":"2b.jpg","name":"2b","width":3024,"height":4032,"thumbnail":{"url":"np://user.desktop.nicepage.com/Site_934101630/images/thumbnails/2b.jpg","width":188,"height":250},"folderId":"user-image-folder-de701d90-c9a6-8e94-3e4f-f3b2f300ed32","usages":["15419857"]},{"id":"user-image-2a.jpg","publicUrl":"np://user.desktop.nicepage.com/Site_934101630/images/2a.jpg","size":2502577,"hash":"dj3i6ZkCkRRRr+1msqEI8E1oINs=","fileName":"2a.jpg","name":"2a","width":3024,"height":4032,"thumbnail":{"url":"np://user.desktop.nicepage.com/Site_934101630/images/thumbnails/2a.jpg","width":188,"height":250},"folderId":"user-image-folder-de701d90-c9a6-8e94-3e4f-f3b2f300ed32","usages":["15419857"]},{"id":"user-image-4b.jpg","publicUrl":"np://user.desktop.nicepage.com/Site_934101630/images/4b.jpg","size":1506745,"hash":"T1COqh3WyRRj643jrURGMULvmO4=","fileName":"4b.jpg","name":"4b","width":2316,"height":3088,"thumbnail":{"url":"np://user.desktop.nicepage.com/Site_934101630/images/thumbnails/4b.jpg","width":188,"height":250},"folderId":"user-image-folder-de701d90-c9a6-8e94-3e4f-f3b2f300ed32","usages":["15419857"]},{"id":"user-image-5c.jpg","publicUrl":"np://user.desktop.nicepage.com/Site_934101630/images/5c.jpg","size":619098,"hash":"TAbb44+rghYGKXjCtIjmw07p9Qs=","fileName":"5c.jpg","name":"5c","width":3840,"height":2160,"thumbnail":{"url":"np://user.desktop.nicepage.com/Site_934101630/images/thumbnails/5c.jpg","width":250,"height":141},"folderId":"user-image-folder-de701d90-c9a6-8e94-3e4f-f3b2f300ed32","usages":["15419857"]},{"id":"user-image-IMG_2388.JPEG","publicUrl":"np://user.desktop.nicepage.com/Site_934101630/images/IMG_2388.JPEG","size":1503648,"hash":"aw9xm7senLaiwEnQti+wRzWvAFs=","fileName":"IMG_2388.JPEG","name":"IMG_2388","width":2048,"height":1536,"thumbnail":{"url":"np://user.desktop.nicepage.com/Site_934101630/images/thumbnails/IMG_2388.JPEG","width":250,"height":188},"folderId":null,"usages":["219980260"]},{"id":"user-image-IMG_2389.JPEG","publicUrl":"np://user.desktop.nicepage.com/Site_934101630/images/IMG_2389.JPEG","size":1331225,"hash":"1SPqgyUm7nT/l3+wzz58Dtd3cAA=","fileName":"IMG_2389.JPEG","name":"IMG_2389","width":1536,"height":2048,"thumbnail":{"url":"np://user.desktop.nicepage.com/Site_934101630/images/thumbnails/IMG_2389.JPEG","width":188,"height":250},"folderId":null,"usages":["588500395"]},{"id":"user-image-14b.JPEG","publicUrl":"np://user.desktop.nicepage.com/Site_934101630/images/14b.JPEG","size":756567,"hash":"w/KNOgr3C97olGCV0o5MRYwc3zo=","fileName":"14b.JPEG","name":"14b","width":1536,"height":2048,"thumbnail":{"url":"np://user.desktop.nicepage.com/Site_934101630/images/thumbnails/14b.JPEG","width":188,"height":250},"folderId":null,"usages":["219980260"]},{"id":"user-image-14a.JPEG","publicUrl":"np://user.desktop.nicepage.com/Site_934101630/images/14a.JPEG","size":1215183,"hash":"BtouST/IaWMb63bEoWZi5Cnrlyw=","fileName":"14a.JPEG","name":"14a","width":1536,"height":2048,"thumbnail":{"url":"np://user.desktop.nicepage.com/Site_934101630/images/thumbnails/14a.JPEG","width":188,"height":250},"folderId":null,"usages":["219980260"]},{"id":"user-image-14.JPEG","publicUrl":"np://user.desktop.nicepage.com/Site_934101630/images/14.JPEG","size":866257,"hash":"bD3wtC3y1VKPbqh82xEBLbRrLOA=","fileName":"14.JPEG","name":"14","width":1536,"height":2048,"thumbnail":{"url":"np://user.desktop.nicepage.com/Site_934101630/images/thumbnails/14.JPEG","width":188,"height":250},"folderId":null,"usages":["219980260"]},{"id":"user-image-14c.JPEG","publicUrl":"np://user.desktop.nicepage.com/Site_934101630/images/14c.JPEG","size":1044985,"hash":"b3J5N+JKGUdC93XMb0UO72Ryj7I=","fileName":"14c.JPEG","name":"14c","width":2048,"height":1536,"thumbnail":{"url":"np://user.desktop.nicepage.com/Site_934101630/images/thumbnails/14c.JPEG","width":250,"height":188},"folderId":null,"usages":["219980260"]},{"id":"user-image-13a.png","publicUrl":"np://user.desktop.nicepage.com/Site_934101630/images/13a.png","size":1660307,"hash":"dKoCV5cz+my+I0dcNjjQiMIyRQA=","fileName":"13a.png","name":"13a","width":1144,"height":1167,"thumbnail":{"url":"np://user.desktop.nicepage.com/Site_934101630/images/thumbnails/13a.png","width":245,"height":250},"folderId":null,"usages":["219980260"]},{"id":"user-image-13b.JPEG","publicUrl":"np://user.desktop.nicepage.com/Site_934101630/images/13b.JPEG","size":1303997,"hash":"aa1SPcIn9z/LJFYhm42dbyl4gf4=","fileName":"13b.JPEG","name":"13b","width":2048,"height":1536,"thumbnail":{"url":"np://user.desktop.nicepage.com/Site_934101630/images/thumbnails/13b.JPEG","width":250,"height":188},"folderId":null,"usages":["219980260"]},{"id":"user-image-12a.JPEG","publicUrl":"np://user.desktop.nicepage.com/Site_934101630/images/12a.JPEG","size":1218070,"hash":"uyNQmIssdYyQMICoMUehwdr8eSY=","fileName":"12a.JPEG","name":"12a","width":2048,"height":1536,"thumbnail":{"url":"np://user.desktop.nicepage.com/Site_934101630/images/thumbnails/12a.JPEG","width":250,"height":188},"folderId":null,"usages":["219980260"]},{"id":"user-image-12b.JPEG","publicUrl":"np://user.desktop.nicepage.com/Site_934101630/images/12b.JPEG","size":986073,"hash":"NpxiXyEyay2Q3f0JI4ccZdAGo80=","fileName":"12b.JPEG","name":"12b","width":1536,"height":2048,"thumbnail":{"url":"np://user.desktop.nicepage.com/Site_934101630/images/thumbnails/12b.JPEG","width":188,"height":250},"folderId":null,"usages":["219980260"]},{"id":"user-image-12c.JPEG","publicUrl":"np://user.desktop.nicepage.com/Site_934101630/images/12c.JPEG","size":943719,"hash":"8Q5i4wsMXyVh9MunMFVeXUfVT+w=","fileName":"12c.JPEG","name":"12c","width":2048,"height":1536,"thumbnail":{"url":"np://user.desktop.nicepage.com/Site_934101630/images/thumbnails/12c.JPEG","width":250,"height":188},"folderId":null,"usages":["219980260"]},{"id":"user-image-11a.JPEG","publicUrl":"np://user.desktop.nicepage.com/Site_934101630/images/11a.JPEG","size":801108,"hash":"cZXmaLYqo2lKFeU2Q7011OyBjUg=","fileName":"11a.JPEG","name":"11a","width":1536,"height":2048,"thumbnail":{"url":"np://user.desktop.nicepage.com/Site_934101630/images/thumbnails/11a.JPEG","width":188,"height":250},"folderId":null,"usages":["219980260"]},{"id":"user-image-10a.JPEG","publicUrl":"np://user.desktop.nicepage.com/Site_934101630/images/10a.JPEG","size":1164075,"hash":"nKCyhcTHuYiaGUcbMj+nmQ8O8wI=","fileName":"10a.JPEG","name":"10a","width":1536,"height":2048,"thumbnail":{"url":"np://user.desktop.nicepage.com/Site_934101630/images/thumbnails/10a.JPEG","width":188,"height":250},"folderId":null,"usages":["219980260"]},{"id":"user-image-10c.JPEG","publicUrl":"np://user.desktop.nicepage.com/Site_934101630/images/10c.JPEG","size":1135530,"hash":"BRSfBI7Bk3vHlmZQH2Jkz1nmzh0=","fileName":"10c.JPEG","name":"10c","width":1536,"height":2048,"thumbnail":{"url":"np://user.desktop.nicepage.com/Site_934101630/images/thumbnails/10c.JPEG","width":188,"height":250},"folderId":null,"usages":["219980260"]},{"id":"user-image-10b.jpg","publicUrl":"np://user.desktop.nicepage.com/Site_934101630/images/10b.jpg","size":71522,"hash":"m9iPs8ytAFZElM7Arp42bPNKcNQ=","fileName":"10b.jpg","name":"10b","width":625,"height":417,"thumbnail":{"url":"np://user.desktop.nicepage.com/Site_934101630/images/thumbnails/10b.jpg","width":250,"height":167},"folderId":null,"usages":["219980260"]},{"id":"user-image-9a.JPEG","publicUrl":"np://user.desktop.nicepage.com/Site_934101630/images/9a.JPEG","size":832535,"hash":"WWdI4YEhmZWrANqa3g6LnV07Jjc=","fileName":"9a.JPEG","name":"9a","width":1536,"height":2048,"thumbnail":{"url":"np://user.desktop.nicepage.com/Site_934101630/images/thumbnails/9a.JPEG","width":188,"height":250},"folderId":null,"usages":["219980260"]},{"id":"user-image-9c.JPEG","publicUrl":"np://user.desktop.nicepage.com/Site_934101630/images/9c.JPEG","size":661783,"hash":"NM08zteSEYgJPNSw4cXZ7f2M4Zg=","fileName":"9c.JPEG","name":"9c","width":1536,"height":2048,"thumbnail":{"url":"np://user.desktop.nicepage.com/Site_934101630/images/thumbnails/9c.JPEG","width":188,"height":250},"folderId":null,"usages":["219980260"]},{"id":"user-image-9b.JPEG","publicUrl":"np://user.desktop.nicepage.com/Site_934101630/images/9b.JPEG","size":742355,"hash":"2sAmZTLZhOrqnn6PYSib9XMK7co=","fileName":"9b.JPEG","name":"9b","width":1536,"height":2048,"thumbnail":{"url":"np://user.desktop.nicepage.com/Site_934101630/images/thumbnails/9b.JPEG","width":188,"height":250},"folderId":null,"usages":["219980260"]},{"id":"user-image-9d.JPEG","publicUrl":"np://user.desktop.nicepage.com/Site_934101630/images/9d.JPEG","size":803810,"hash":"KFTLI5EEmAGrp7lRXvhpX8ErBYU=","fileName":"9d.JPEG","name":"9d","width":1536,"height":2048,"thumbnail":{"url":"np://user.desktop.nicepage.com/Site_934101630/images/thumbnails/9d.JPEG","width":188,"height":250},"folderId":null,"usages":["219980260"]},{"id":"user-image-9f.JPEG","publicUrl":"np://user.desktop.nicepage.com/Site_934101630/images/9f.JPEG","size":547400,"hash":"Skh3U4cPBHglqgYc8m68b7VK+iY=","fileName":"9f.JPEG","name":"9f","width":1536,"height":2048,"thumbnail":{"url":"np://user.desktop.nicepage.com/Site_934101630/images/thumbnails/9f.JPEG","width":188,"height":250},"folderId":null,"usages":["219980260"]},{"id":"user-image-9e.JPEG","publicUrl":"np://user.desktop.nicepage.com/Site_934101630/images/9e.JPEG","size":894616,"hash":"/VWLvCl6dHanx5keoLW9fwDN1Is=","fileName":"9e.JPEG","name":"9e","width":1536,"height":2048,"thumbnail":{"url":"np://user.desktop.nicepage.com/Site_934101630/images/thumbnails/9e.JPEG","width":188,"height":250},"folderId":null,"usages":["219980260"]},{"id":"user-image-8b.JPEG","publicUrl":"np://user.desktop.nicepage.com/Site_934101630/images/8b.JPEG","size":1034006,"hash":"nO7BghcV2WBZTkRiTiYEHwRvqu8=","fileName":"8b.JPEG","name":"8b","width":1536,"height":2048,"thumbnail":{"url":"np://user.desktop.nicepage.com/Site_934101630/images/thumbnails/8b.JPEG","width":188,"height":250},"folderId":null,"usages":["219980260"]},{"id":"user-image-9g.JPEG","publicUrl":"np://user.desktop.nicepage.com/Site_934101630/images/9g.JPEG","size":1092604,"hash":"JHSxsqrpeZ0kA1zedeRtKrhjlqg=","fileName":"9g.JPEG","name":"9g","width":1536,"height":2048,"thumbnail":{"url":"np://user.desktop.nicepage.com/Site_934101630/images/thumbnails/9g.JPEG","width":188,"height":250},"folderId":null,"usages":["219980260"]},{"id":"user-image-7b.JPEG","publicUrl":"np://user.desktop.nicepage.com/Site_934101630/images/7b.JPEG","size":965351,"hash":"652XSXb51OA+DrYVhyuQfGgXDXE=","fileName":"7b.JPEG","name":"7b","width":1536,"height":2048,"thumbnail":{"url":"np://user.desktop.nicepage.com/Site_934101630/images/thumbnails/7b.JPEG","width":188,"height":250},"folderId":null,"usages":["219980260"]},{"id":"user-image-7c.JPEG","publicUrl":"np://user.desktop.nicepage.com/Site_934101630/images/7c.JPEG","size":883559,"hash":"61IZObTD77Pur9h4lO30DvdYSMI=","fileName":"7c.JPEG","name":"7c","width":1536,"height":2048,"thumbnail":{"url":"np://user.desktop.nicepage.com/Site_934101630/images/thumbnails/7c.JPEG","width":188,"height":250},"folderId":null,"usages":["219980260"]},{"id":"user-image-7a.JPEG","publicUrl":"np://user.desktop.nicepage.com/Site_934101630/images/7a.JPEG","size":834616,"hash":"zNhyqBsabOSwUC/GRs3RAfL+Seo=","fileName":"7a.JPEG","name":"7a","width":1536,"height":2048,"thumbnail":{"url":"np://user.desktop.nicepage.com/Site_934101630/images/thumbnails/7a.JPEG","width":188,"height":250},"folderId":null,"usages":["219980260"]},{"id":"user-image-7e.JPEG","publicUrl":"np://user.desktop.nicepage.com/Site_934101630/images/7e.JPEG","size":662478,"hash":"R4cCY0SwCFuSlpUdYshaXTYpT7c=","fileName":"7e.JPEG","name":"7e","width":1536,"height":2048,"thumbnail":{"url":"np://user.desktop.nicepage.com/Site_934101630/images/thumbnails/7e.JPEG","width":188,"height":250},"folderId":null,"usages":["219980260"]},{"id":"user-image-7g.JPEG","publicUrl":"np://user.desktop.nicepage.com/Site_934101630/images/7g.JPEG","size":737596,"hash":"ZFVXiizKrMYewW25790Zp0JhQpM=","fileName":"7g.JPEG","name":"7g","width":1536,"height":2048,"thumbnail":{"url":"np://user.desktop.nicepage.com/Site_934101630/images/thumbnails/7g.JPEG","width":188,"height":250},"folderId":null,"usages":["219980260"]},{"id":"user-image-7f.JPEG","publicUrl":"np://user.desktop.nicepage.com/Site_934101630/images/7f.JPEG","size":442443,"hash":"GjEUhrUASL612ZWT9vA9cuV8Iow=","fileName":"7f.JPEG","name":"7f","width":1536,"height":2048,"thumbnail":{"url":"np://user.desktop.nicepage.com/Site_934101630/images/thumbnails/7f.JPEG","width":188,"height":250},"folderId":null,"usages":["219980260"]},{"id":"user-image-7d.JPEG","publicUrl":"np://user.desktop.nicepage.com/Site_934101630/images/7d.JPEG","size":597143,"hash":"g7NsSrxypK3T7j4d9jJLJ7u1hM8=","fileName":"7d.JPEG","name":"7d","width":1536,"height":2048,"thumbnail":{"url":"np://user.desktop.nicepage.com/Site_934101630/images/thumbnails/7d.JPEG","width":188,"height":250},"folderId":null,"usages":["219980260"]},{"id":"user-image-6a.JPEG","publicUrl":"np://user.desktop.nicepage.com/Site_934101630/images/6a.JPEG","size":1155950,"hash":"duT2uQejG4GxWgUdL/i6xPVswQI=","fileName":"6a.JPEG","name":"6a","width":1536,"height":2048,"thumbnail":{"url":"np://user.desktop.nicepage.com/Site_934101630/images/thumbnails/6a.JPEG","width":188,"height":250},"folderId":null,"usages":["219980260"]},{"id":"user-image-6c.JPEG","publicUrl":"np://user.desktop.nicepage.com/Site_934101630/images/6c.JPEG","size":813848,"hash":"ww2Ab9O3frkaZ+7PclhjYNO5bL8=","fileName":"6c.JPEG","name":"6c","width":1536,"height":2048,"thumbnail":{"url":"np://user.desktop.nicepage.com/Site_934101630/images/thumbnails/6c.JPEG","width":188,"height":250},"folderId":null,"usages":["219980260"]},{"id":"user-image-6b.JPEG","publicUrl":"np://user.desktop.nicepage.com/Site_934101630/images/6b.JPEG","size":662730,"hash":"OYZmeNom4O1hCEBMdnuRHHofPBM=","fileName":"6b.JPEG","name":"6b","width":1536,"height":2048,"thumbnail":{"url":"np://user.desktop.nicepage.com/Site_934101630/images/thumbnails/6b.JPEG","width":188,"height":250},"folderId":null,"usages":["219980260"]},{"id":"user-image-5a.JPEG","publicUrl":"np://user.desktop.nicepage.com/Site_934101630/images/5a.JPEG","size":616867,"hash":"M/rpiHRv7lMGt4peU3OQw3byfIo=","fileName":"5a.JPEG","name":"5a","width":1536,"height":2048,"thumbnail":{"url":"np://user.desktop.nicepage.com/Site_934101630/images/thumbnails/5a.JPEG","width":188,"height":250},"folderId":null,"usages":["219980260"]},{"id":"user-image-5b.JPEG","publicUrl":"np://user.desktop.nicepage.com/Site_934101630/images/5b.JPEG","size":406252,"hash":"rajZHmG9hpCTOb/6ATHIOoMzUSs=","fileName":"5b.JPEG","name":"5b","width":1536,"height":2048,"thumbnail":{"url":"np://user.desktop.nicepage.com/Site_934101630/images/thumbnails/5b.JPEG","width":188,"height":250},"folderId":null,"usages":["219980260"]},{"id":"user-image-5c.JPEG","publicUrl":"np://user.desktop.nicepage.com/Site_934101630/images/5c.JPEG","size":407364,"hash":"8pJ5DrwVpnROc9dCWlOobir8vHA=","fileName":"5c.JPEG","name":"5c","width":1536,"height":2048,"thumbnail":{"url":"np://user.desktop.nicepage.com/Site_934101630/images/thumbnails/5c.JPEG","width":188,"height":250},"folderId":null,"usages":["219980260"]},{"id":"user-image-4a.JPEG","publicUrl":"np://user.desktop.nicepage.com/Site_934101630/images/4a.JPEG","size":920278,"hash":"S+8LjEgfXlG4qz53Ua/FZP7zY9Q=","fileName":"4a.JPEG","name":"4a","width":1536,"height":2048,"thumbnail":{"url":"np://user.desktop.nicepage.com/Site_934101630/images/thumbnails/4a.JPEG","width":188,"height":250},"folderId":null,"usages":["219980260"]},{"id":"user-image-4b.JPEG","publicUrl":"np://user.desktop.nicepage.com/Site_934101630/images/4b.JPEG","size":908203,"hash":"D0bftnHhVyQH9zzBQrh8t/3BvZc=","fileName":"4b.JPEG","name":"4b","width":1536,"height":2048,"thumbnail":{"url":"np://user.desktop.nicepage.com/Site_934101630/images/thumbnails/4b.JPEG","width":188,"height":250},"folderId":null,"usages":["219980260"]},{"id":"user-image-3a.JPEG","publicUrl":"np://user.desktop.nicepage.com/Site_934101630/images/3a.JPEG","size":983923,"hash":"+Cp5wkdyR5PeoigX+dR4J7bG214=","fileName":"3a.JPEG","name":"3a","width":1536,"height":2048,"thumbnail":{"url":"np://user.desktop.nicepage.com/Site_934101630/images/thumbnails/3a.JPEG","width":188,"height":250},"folderId":null,"usages":["219980260"]},{"id":"user-image-3b.JPEG","publicUrl":"np://user.desktop.nicepage.com/Site_934101630/images/3b.JPEG","size":687169,"hash":"zBdNss+BsMj6P/eOL2+qKvkgKe4=","fileName":"3b.JPEG","name":"3b","width":1536,"height":2048,"thumbnail":{"url":"np://user.desktop.nicepage.com/Site_934101630/images/thumbnails/3b.JPEG","width":188,"height":250},"folderId":null,"usages":["219980260"]},{"id":"user-image-3c.JPEG","publicUrl":"np://user.desktop.nicepage.com/Site_934101630/images/3c.JPEG","size":802726,"hash":"9l4tYDuoDUFrAP+6bpw+HjJ4+io=","fileName":"3c.JPEG","name":"3c","width":1536,"height":2048,"thumbnail":{"url":"np://user.desktop.nicepage.com/Site_934101630/images/thumbnails/3c.JPEG","width":188,"height":250},"folderId":null,"usages":["219980260"]},{"id":"user-image-2b.JPEG","publicUrl":"np://user.desktop.nicepage.com/Site_934101630/images/2b.JPEG","size":1051204,"hash":"+O4OVkvmSG9yhvatDbZ03weGW7w=","fileName":"2b.JPEG","name":"2b","width":1536,"height":2048,"thumbnail":{"url":"np://user.desktop.nicepage.com/Site_934101630/images/thumbnails/2b.JPEG","width":188,"height":250},"folderId":null,"usages":["219980260"]},{"id":"user-image-2a.JPEG","publicUrl":"np://user.desktop.nicepage.com/Site_934101630/images/2a.JPEG","size":1180343,"hash":"M2sjLnWX4zsPCxD7MqR8FKfQXOQ=","fileName":"2a.JPEG","name":"2a","width":1536,"height":2048,"thumbnail":{"url":"np://user.desktop.nicepage.com/Site_934101630/images/thumbnails/2a.JPEG","width":188,"height":250},"folderId":null,"usages":["219980260"]},{"id":"user-image-1c.JPEG","publicUrl":"np://user.desktop.nicepage.com/Site_934101630/images/1c.JPEG","size":605174,"hash":"ebeNLRBWvfldYgJgEhkMgotRHyc=","fileName":"1c.JPEG","name":"1c","width":2142,"height":1468,"thumbnail":{"url":"np://user.desktop.nicepage.com/Site_934101630/images/thumbnails/1c.JPEG","width":250,"height":171},"folderId":null,"usages":["219980260"]},{"id":"user-image-1b.JPEG","publicUrl":"np://user.desktop.nicepage.com/Site_934101630/images/1b.JPEG","size":1440261,"hash":"nDslNk/6WFKLDQJuz6qFn7ipLQg=","fileName":"1b.JPEG","name":"1b","width":1536,"height":2048,"thumbnail":{"url":"np://user.desktop.nicepage.com/Site_934101630/images/thumbnails/1b.JPEG","width":188,"height":250},"folderId":null,"usages":["219980260"]},{"id":"user-image-1a.JPEG","publicUrl":"np://user.desktop.nicepage.com/Site_934101630/images/1a.JPEG","size":922977,"hash":"rK5ZMUUYYdSPQ53TKvZYHf8wMFk=","fileName":"1a.JPEG","name":"1a","width":1536,"height":2048,"thumbnail":{"url":"np://user.desktop.nicepage.com/Site_934101630/images/thumbnails/1a.JPEG","width":188,"height":250},"folderId":null,"usages":["219980260"]},{"id":"user-image-Screenshot2025-09-07205750.png","publicUrl":"np://user.desktop.nicepage.com/Site_934101630/images/Screenshot2025-09-07205750.png","size":112348,"hash":"2h46Qy5NYRYK0TjYenXFiNjwGsg=","fileName":"Screenshot2025-09-07205750.png","name":"Screenshot2025-09-07205750","width":1094,"height":280,"thumbnail":{"url":"np://user.desktop.nicepage.com/Site_934101630/images/thumbnails/Screenshot2025-09-07205750.png","width":250,"height":64},"folderId":null,"usages":["564630746"]},{"id":"user-image-Screenshot2025-09-07203109.png","publicUrl":"np://user.desktop.nicepage.com/Site_934101630/images/Screenshot2025-09-07203109.png","size":63558,"hash":"O8V0fDkWwg/MZSpGIv4JnwLfpuI=","fileName":"Screenshot2025-09-07203109.png","name":"Screenshot2025-09-07203109","width":1207,"height":706,"thumbnail":{"url":"np://user.desktop.nicepage.com/Site_934101630/images/thumbnails/Screenshot2025-09-07203109.png","width":250,"height":146},"folderId":null,"usages":["564630746"]},{"id":"user-image-HaloLogoBlackBlueWhite.png","publicUrl":"np://user.desktop.nicepage.com/Site_934101630/images/HaloLogoBlackBlueWhite.png","size":22076,"hash":"P3pF8aLrK0VAlc9ovLTpOk7MxKE=","fileName":"HaloLogoBlackBlueWhite.png","name":"HaloLogoBlackBlueWhite","width":960,"height":150,"thumbnail":{"url":"np://user.desktop.nicepage.com/Site_934101630/images/thumbnails/HaloLogoBlackBlueWhite.png","width":250,"height":39},"folderId":null,"usages":["564630746"]},{"id":"user-image-coverphoto.png","publicUrl":"np://user.desktop.nicepage.com/Site_934101630/images/coverphoto.png","size":476719,"hash":"fL6MNKnhq5LegAUiZmRXx9GYpzs=","fileName":"coverphoto.png","name":"coverphoto","width":479,"height":623,"thumbnail":{"url":"np://user.desktop.nicepage.com/Site_934101630/images/thumbnails/coverphoto.png","width":192,"height":250},"folderId":null,"usages":["564630746","588500395","1548412517"]},{"id":"user-image-IMG_2363.JPEG","publicUrl":"np://user.desktop.nicepage.com/Site_934101630/images/IMG_2363.JPEG","size":1497529,"hash":"SKkMTSCrFRKu9z+rlrwe05+mDP8=","fileName":"IMG_2363.JPEG","name":"IMG_2363","width":2048,"height":1536,"thumbnail":{"url":"np://user.desktop.nicepage.com/Site_934101630/images/thumbnails/IMG_2363.JPEG","width":250,"height":188},"folderId":null,"usages":["564630746"]},{"id":"user-image-1732392190083.jpg","publicUrl":"np://user.desktop.nicepage.com/Site_934101630/images/1732392190083.jpg","size":378499,"hash":"bTHnyw2fdZUDRkoc4oSkG60YBN8=","fileName":"1732392190083.jpg","name":"1732392190083","width":1280,"height":1707,"thumbnail":{"url":"np://user.desktop.nicepage.com/Site_934101630/images/thumbnails/1732392190083.jpg","width":187,"height":250},"folderId":null,"usages":["564630746","588500395"]},{"id":"user-image-IMG_4604.jpg","publicUrl":"np://user.desktop.nicepage.com/Site_934101630/images/IMG_4604.jpg","size":2531927,"hash":"mRxLzFCEMcoc3X8Sm9D94YOqem4=","fileName":"IMG_4604.jpg","name":"IMG_4604","width":4032,"height":3024,"thumbnail":{"url":"np://user.desktop.nicepage.com/Site_934101630/images/thumbnails/IMG_4604.jpg","width":250,"height":188},"folderId":null,"usages":["219980260"]},{"id":"user-image-IMG_7771.JPEG","publicUrl":"np://user.desktop.nicepage.com/Site_934101630/images/IMG_7771.JPEG","size":861500,"hash":"EtIHTNgm16zfgRTYVxSXYrs4BRg=","fileName":"IMG_7771.JPEG","name":"IMG_7771","width":2048,"height":1536,"thumbnail":{"url":"np://user.desktop.nicepage.com/Site_934101630/images/thumbnails/IMG_7771.JPEG","width":250,"height":188},"folderId":null,"usages":["564630746"]},{"id":"user-image-1519960691281.png","publicUrl":"np://user.desktop.nicepage.com/Site_934101630/images/1519960691281.png","size":75088,"hash":"c4n1oLE40KtYrVoTB7A5TludRU0=","fileName":"1519960691281.png","name":"1519960691281","width":200,"height":200,"thumbnail":{"url":"np://user.desktop.nicepage.com/Site_934101630/images/thumbnails/1519960691281.png","width":200,"height":200,"length":75088,"type":"png"},"usages":["564630746"]},{"id":"user-image-BITMAP_PERL_LOGO.jpg","publicUrl":"np://user.desktop.nicepage.com/Site_934101630/images/BITMAP_PERL_LOGO.jpg","size":69730,"hash":"u+1vNyQjPvOdz0gsp+8rAROmXrI=","fileName":"BITMAP_PERL_LOGO.jpg","name":"BITMAP_PERL_LOGO","width":2020,"height":620,"thumbnail":{"url":"np://user.desktop.nicepage.com/Site_934101630/images/thumbnails/BITMAP_PERL_LOGO.jpg","width":250,"height":77},"usages":["564630746"]},{"id":"user-image-DAQCOVER.png","publicUrl":"np://user.desktop.nicepage.com/Site_934101630/images/DAQCOVER.png","size":544112,"hash":"GjpXhXpwsW83u85X3bMpYlnjpkk=","fileName":"DAQCOVER.png","name":"DAQCOVER","width":448,"height":587,"thumbnail":{"url":"np://user.desktop.nicepage.com/Site_934101630/images/thumbnails/DAQCOVER.png","width":191,"height":250},"usages":[]},{"id":"user-image-IMG_00431.JPG","publicUrl":"np://user.desktop.nicepage.com/Site_934101630/images/IMG_00431.JPG","size":298802,"hash":"nZ7PKOPV86KmIDR2/pNvwjsPPrY=","fileName":"IMG_00431.JPG","name":"IMG_00431","width":1920,"height":1280,"thumbnail":{"url":"np://user.desktop.nicepage.com/Site_934101630/images/thumbnails/IMG_00431.JPG","width":250,"height":167},"usages":["588500395"]},{"id":"user-image-SOv5.png","publicUrl":"np://user.desktop.nicepage.com/Site_934101630/images/SOv5.png","size":134569,"hash":"k18ikx3ybAB5EMAoPDIPoDMYZRI=","fileName":"SOv5.png","name":"SOv5","width":1883,"height":917,"thumbnail":{"url":"np://user.desktop.nicepage.com/Site_934101630/images/thumbnails/SOv5.png","width":250,"height":122},"usages":["588500395","1548412517"]},{"id":"user-image-Screenshot2023-10-07200741.png","publicUrl":"np://user.desktop.nicepage.com/Site_934101630/images/Screenshot2023-10-07200741.png","size":626039,"hash":"Zk4PQI+jeeyCYxwoMCt1Cm9/ils=","fileName":"Screenshot2023-10-07200741.png","name":"Screenshot2023-10-07200741","width":542,"height":753,"thumbnail":{"url":"np://user.desktop.nicepage.com/Site_934101630/images/thumbnails/Screenshot2023-10-07200741.png","width":180,"height":250},"usages":["564630746"]},{"id":"user-image-Screenshot2023-10-07210020.png","publicUrl":"np://user.desktop.nicepage.com/Site_934101630/images/Screenshot2023-10-07210020.png","size":712715,"hash":"9ef2ytUNn9k9QZGJ6kQxynCsOcI=","fileName":"Screenshot2023-10-07210020.png","name":"Screenshot2023-10-07210020","width":608,"height":798,"thumbnail":{"url":"np://user.desktop.nicepage.com/Site_934101630/images/thumbnails/Screenshot2023-10-07210020.png","width":190,"height":250},"usages":[]},{"id":"user-image-Screenshot2023-10-07210546.png","publicUrl":"np://user.desktop.nicepage.com/Site_934101630/images/Screenshot2023-10-07210546.png","size":577436,"hash":"MOP9CESLTWKDUG8NsaUyIzaicks=","fileName":"Screenshot2023-10-07210546.png","name":"Screenshot2023-10-07210546","width":780,"height":461,"thumbnail":{"url":"np://user.desktop.nicepage.com/Site_934101630/images/thumbnails/Screenshot2023-10-07210546.png","width":250,"height":148},"usages":["588500395"]},{"id":"user-image-Screenshot2023-10-08133301.png","publicUrl":"np://user.desktop.nicepage.com/Site_934101630/images/Screenshot2023-10-08133301.png","size":844264,"hash":"0UEsi1KpcHP91sK2qcz4TFSGsag=","fileName":"Screenshot2023-10-08133301.png","name":"Screenshot2023-10-08133301","width":855,"height":729,"thumbnail":{"url":"np://user.desktop.nicepage.com/Site_934101630/images/thumbnails/Screenshot2023-10-08133301.png","width":250,"height":213},"usages":["588500395"]},{"id":"user-image-Screenshot2023-10-08133809.png","publicUrl":"np://user.desktop.nicepage.com/Site_934101630/images/Screenshot2023-10-08133809.png","size":491867,"hash":"Y7Xf2V2g4t3SRkCmCh7nD2xyXCo=","fileName":"Screenshot2023-10-08133809.png","name":"Screenshot2023-10-08133809","width":632,"height":520,"thumbnail":{"url":"np://user.desktop.nicepage.com/Site_934101630/images/thumbnails/Screenshot2023-10-08133809.png","width":250,"height":206},"usages":["588500395"]},{"id":"user-image-Screenshot2023-10-08133410.png","publicUrl":"np://user.desktop.nicepage.com/Site_934101630/images/Screenshot2023-10-08133410.png","size":966140,"hash":"PU0BQF/U/qywfNYo7p5Q7MNdE88=","fileName":"Screenshot2023-10-08133410.png","name":"Screenshot2023-10-08133410","width":1002,"height":747,"thumbnail":{"url":"np://user.desktop.nicepage.com/Site_934101630/images/thumbnails/Screenshot2023-10-08133410.png","width":250,"height":186},"usages":["588500395"]},{"id":"user-image-Screenshot2023-10-08133943.png","publicUrl":"np://user.desktop.nicepage.com/Site_934101630/images/Screenshot2023-10-08133943.png","size":249769,"hash":"BolzyYg3NKfvGxllbE5iJsgLRPc=","fileName":"Screenshot2023-10-08133943.png","name":"Screenshot2023-10-08133943","width":398,"height":383,"thumbnail":{"url":"np://user.desktop.nicepage.com/Site_934101630/images/thumbnails/Screenshot2023-10-08133943.png","width":250,"height":241},"usages":["588500395"]},{"id":"user-image-Screenshot2023-12-31152322.png","publicUrl":"np://user.desktop.nicepage.com/Site_934101630/images/Screenshot2023-12-31152322.png","size":2985396,"hash":"NL2wg4sYwjWsuQuwQwdDW8tlaCw=","fileName":"Screenshot2023-12-31152322.png","name":"Screenshot2023-12-31152322","width":1221,"height":1652,"thumbnail":{"url":"np://user.desktop.nicepage.com/Site_934101630/images/thumbnails/Screenshot2023-12-31152322.png","width":185,"height":250},"usages":["588500395"]},{"id":"user-image-Screenshot2023-12-31153456.png","publicUrl":"np://user.desktop.nicepage.com/Site_934101630/images/Screenshot2023-12-31153456.png","size":52172,"hash":"6bfl9LDMA9sjkVCbOjhHFEmZRCY=","fileName":"Screenshot2023-12-31153456.png","name":"Screenshot2023-12-31153456","width":991,"height":555,"thumbnail":{"url":"np://user.desktop.nicepage.com/Site_934101630/images/thumbnails/Screenshot2023-12-31153456.png","width":250,"height":140},"usages":["588500395"]},{"id":"user-image-Screenshot2023-12-31153313.png","publicUrl":"np://user.desktop.nicepage.com/Site_934101630/images/Screenshot2023-12-31153313.png","size":2357290,"hash":"e2STH5iAz+aNyHBw4iqYSykexhM=","fileName":"Screenshot2023-12-31153313.png","name":"Screenshot2023-12-31153313","width":1219,"height":1347,"thumbnail":{"url":"np://user.desktop.nicepage.com/Site_934101630/images/thumbnails/Screenshot2023-12-31153313.png","width":226,"height":250},"usages":["588500395"]},{"id":"user-image-Screenshot2024-03-13202358.png","publicUrl":"np://user.desktop.nicepage.com/Site_934101630/images/Screenshot2024-03-13202358.png","size":681913,"hash":"1doGWgyZCMVPu3TQrXB57uTA1Tw=","fileName":"Screenshot2024-03-13202358.png","name":"Screenshot2024-03-13202358","width":683,"height":739,"thumbnail":{"url":"np://user.desktop.nicepage.com/Site_934101630/images/thumbnails/Screenshot2024-03-13202358.png","width":231,"height":250},"usages":["564630746"]},{"id":"user-image-Screenshot2024-03-13202426.png","publicUrl":"np://user.desktop.nicepage.com/Site_934101630/images/Screenshot2024-03-13202426.png","size":1026429,"hash":"zJRkcaFfOURtOpx1jCzq38JpHTU=","fileName":"Screenshot2024-03-13202426.png","name":"Screenshot2024-03-13202426","width":685,"height":874,"thumbnail":{"url":"np://user.desktop.nicepage.com/Site_934101630/images/thumbnails/Screenshot2024-03-13202426.png","width":196,"height":250},"usages":["564630746"]},{"id":"user-image-Screenshot2024-03-13202711.png","publicUrl":"np://user.desktop.nicepage.com/Site_934101630/images/Screenshot2024-03-13202711.png","size":996661,"hash":"/t9jST0eilhFwVN6wfCayEIw6mE=","fileName":"Screenshot2024-03-13202711.png","name":"Screenshot2024-03-13202711","width":678,"height":888,"thumbnail":{"url":"np://user.desktop.nicepage.com/Site_934101630/images/thumbnails/Screenshot2024-03-13202711.png","width":191,"height":250},"usages":["564630746"]},{"id":"user-image-Screenshot2024-03-13202809.png","publicUrl":"np://user.desktop.nicepage.com/Site_934101630/images/Screenshot2024-03-13202809.png","size":1022126,"hash":"/B4dDzlmACv3DCKO1KloJ41cq0c=","fileName":"Screenshot2024-03-13202809.png","name":"Screenshot2024-03-13202809","width":684,"height":906,"thumbnail":{"url":"np://user.desktop.nicepage.com/Site_934101630/images/thumbnails/Screenshot2024-03-13202809.png","width":189,"height":250},"usages":["564630746"]},{"id":"user-image-Screenshot2024-03-14105736.png","publicUrl":"np://user.desktop.nicepage.com/Site_934101630/images/Screenshot2024-03-14105736.png","size":2015996,"hash":"hfc9YidRB8cf7Uyt3xCZnxGg/2o=","fileName":"Screenshot2024-03-14105736.png","name":"Screenshot2024-03-14105736","width":1706,"height":1226,"thumbnail":{"url":"np://user.desktop.nicepage.com/Site_934101630/images/thumbnails/Screenshot2024-03-14105736.png","width":250,"height":180},"usages":["564630746"]},{"id":"user-image-Screenshot2024-03-14105753.png","publicUrl":"np://user.desktop.nicepage.com/Site_934101630/images/Screenshot2024-03-14105753.png","size":3865506,"hash":"2pnLkWHgH7D+ejj57SYSUMTDyjo=","fileName":"Screenshot2024-03-14105753.png","name":"Screenshot2024-03-14105753","width":1869,"height":1614,"thumbnail":{"url":"np://user.desktop.nicepage.com/Site_934101630/images/thumbnails/Screenshot2024-03-14105753.png","width":250,"height":216},"usages":["564630746"]},{"id":"user-image-Screenshot2024-03-14131344.png","publicUrl":"np://user.desktop.nicepage.com/Site_934101630/images/Screenshot2024-03-14131344.png","size":561297,"hash":"vNTdi8Ii2ObDHQPXWVxhfRBJOQY=","fileName":"Screenshot2024-03-14131344.png","name":"Screenshot2024-03-14131344","width":684,"height":716,"thumbnail":{"url":"np://user.desktop.nicepage.com/Site_934101630/images/thumbnails/Screenshot2024-03-14131344.png","width":239,"height":250},"usages":["588500395"]},{"id":"user-image-Screenshot2024-03-14131358.png","publicUrl":"np://user.desktop.nicepage.com/Site_934101630/images/Screenshot2024-03-14131358.png","size":894862,"hash":"qRSCHYimqYzI3fBGItNLCtOlCDo=","fileName":"Screenshot2024-03-14131358.png","name":"Screenshot2024-03-14131358","width":684,"height":904,"thumbnail":{"url":"np://user.desktop.nicepage.com/Site_934101630/images/thumbnails/Screenshot2024-03-14131358.png","width":189,"height":250},"usages":["588500395"]},{"id":"user-image-Screenshot2024-03-14131439.png","publicUrl":"np://user.desktop.nicepage.com/Site_934101630/images/Screenshot2024-03-14131439.png","size":856135,"hash":"oXyfQq/cY7fqDb/B5z2dijTguk4=","fileName":"Screenshot2024-03-14131439.png","name":"Screenshot2024-03-14131439","width":689,"height":906,"thumbnail":{"url":"np://user.desktop.nicepage.com/Site_934101630/images/thumbnails/Screenshot2024-03-14131439.png","width":190,"height":250},"usages":["588500395"]},{"id":"user-image-IMG_3016.jpg","publicUrl":"np://user.desktop.nicepage.com/Site_934101630/images/IMG_3016.jpg","size":539060,"hash":"XeUwfUzR54jVobC1hqH6BWDphTI=","fileName":"IMG_3016.jpg","name":"IMG_3016","width":1920,"height":1440,"thumbnail":{"url":"np://user.desktop.nicepage.com/Site_934101630/images/thumbnails/IMG_3016.jpg","width":250,"height":188},"usages":["588500395"]},{"id":"user-image-Screenshot2024-03-15234334.png","publicUrl":"np://user.desktop.nicepage.com/Site_934101630/images/Screenshot2024-03-15234334.png","size":251483,"hash":"1cLiYMj4ZFR16fqEa/gltkJxrSU=","fileName":"Screenshot2024-03-15234334.png","name":"Screenshot2024-03-15234334","width":2433,"height":1361,"thumbnail":{"url":"np://user.desktop.nicepage.com/Site_934101630/images/thumbnails/Screenshot2024-03-15234334.png","width":250,"height":140},"usages":["25837437"]},{"id":"user-image-Screenshot2024-03-14132809.png","publicUrl":"np://user.desktop.nicepage.com/Site_934101630/images/Screenshot2024-03-14132809.png","size":1315870,"hash":"YxthQ14H3dymOEW41psehLAXolw=","fileName":"Screenshot2024-03-14132809.png","name":"Screenshot2024-03-14132809","width":1222,"height":573,"thumbnail":{"url":"np://user.desktop.nicepage.com/Site_934101630/images/thumbnails/Screenshot2024-03-14132809.png","width":250,"height":117},"usages":["588500395"]},{"id":"user-image-Screenshot2024-03-15234512.png","publicUrl":"np://user.desktop.nicepage.com/Site_934101630/images/Screenshot2024-03-15234512.png","size":250082,"hash":"OES2FL36gjKG6r5PRGWSrO33pH8=","fileName":"Screenshot2024-03-15234512.png","name":"Screenshot2024-03-15234512","width":2447,"height":1368,"thumbnail":{"url":"np://user.desktop.nicepage.com/Site_934101630/images/thumbnails/Screenshot2024-03-15234512.png","width":250,"height":140},"usages":["25837437"]},{"id":"user-image-Screenshot2024-03-15235242.png","publicUrl":"np://user.desktop.nicepage.com/Site_934101630/images/Screenshot2024-03-15235242.png","size":301762,"hash":"aE5+q4U8LuNa2Gu9r6lZQ3ODvAU=","fileName":"Screenshot2024-03-15235242.png","name":"Screenshot2024-03-15235242","width":2438,"height":1372,"thumbnail":{"url":"np://user.desktop.nicepage.com/Site_934101630/images/thumbnails/Screenshot2024-03-15235242.png","width":250,"height":141},"usages":["25837437"]},{"id":"user-image-Screenshot2024-03-15235416.png","publicUrl":"np://user.desktop.nicepage.com/Site_934101630/images/Screenshot2024-03-15235416.png","size":1228817,"hash":"Dsdu2/Y1ehVzBRSe4qgZ3Mkkq5c=","fileName":"Screenshot2024-03-15235416.png","name":"Screenshot2024-03-15235416","width":1920,"height":1086,"thumbnail":{"url":"np://user.desktop.nicepage.com/Site_934101630/images/thumbnails/Screenshot2024-03-15235416.png","width":250,"height":141},"usages":["25837437"]},{"id":"user-image-Screenshot2024-03-15235605.png","publicUrl":"np://user.desktop.nicepage.com/Site_934101630/images/Screenshot2024-03-15235605.png","size":760095,"hash":"mHR3IDNECQxUPP2BtHLiVDUrd0I=","fileName":"Screenshot2024-03-15235605.png","name":"Screenshot2024-03-15235605","width":1920,"height":1074,"thumbnail":{"url":"np://user.desktop.nicepage.com/Site_934101630/images/thumbnails/Screenshot2024-03-15235605.png","width":250,"height":140},"usages":["25837437"]},{"id":"user-image-Screenshot2024-03-16000154.png","publicUrl":"np://user.desktop.nicepage.com/Site_934101630/images/Screenshot2024-03-16000154.png","size":251540,"hash":"JGl4C0QtlpD6xhedO6UQxb4SFI0=","fileName":"Screenshot2024-03-16000154.png","name":"Screenshot2024-03-16000154","width":2437,"height":1366,"thumbnail":{"url":"np://user.desktop.nicepage.com/Site_934101630/images/thumbnails/Screenshot2024-03-16000154.png","width":250,"height":140},"usages":["25837437"]},{"id":"user-image-Screenshot2024-03-16000244.png","publicUrl":"np://user.desktop.nicepage.com/Site_934101630/images/Screenshot2024-03-16000244.png","size":572594,"hash":"xqhjaNr2Zc6Un2XINme4TlHSru4=","fileName":"Screenshot2024-03-16000244.png","name":"Screenshot2024-03-16000244","width":1920,"height":1073,"thumbnail":{"url":"np://user.desktop.nicepage.com/Site_934101630/images/thumbnails/Screenshot2024-03-16000244.png","width":250,"height":140},"usages":["25837437"]},{"id":"user-image-Screenshot2024-03-16000255.png","publicUrl":"np://user.desktop.nicepage.com/Site_934101630/images/Screenshot2024-03-16000255.png","size":661562,"hash":"rV+dNZLlECzqZKtJhGYlMPFc0oo=","fileName":"Screenshot2024-03-16000255.png","name":"Screenshot2024-03-16000255","width":2444,"height":1374,"thumbnail":{"url":"np://user.desktop.nicepage.com/Site_934101630/images/thumbnails/Screenshot2024-03-16000255.png","width":250,"height":141},"usages":["25837437"]},{"id":"user-image-Screenshot2024-03-16000411.png","publicUrl":"np://user.desktop.nicepage.com/Site_934101630/images/Screenshot2024-03-16000411.png","size":337697,"hash":"jJlnOwfYZ7X2rM8YK6FKQZRBFOg=","fileName":"Screenshot2024-03-16000411.png","name":"Screenshot2024-03-16000411","width":2442,"height":1369,"thumbnail":{"url":"np://user.desktop.nicepage.com/Site_934101630/images/thumbnails/Screenshot2024-03-16000411.png","width":250,"height":140},"usages":["25837437"]},{"id":"user-image-Screenshot2024-03-16000346.png","publicUrl":"np://user.desktop.nicepage.com/Site_934101630/images/Screenshot2024-03-16000346.png","size":270540,"hash":"wyHf7ESKOFuE+TLed0SgQXCUWlE=","fileName":"Screenshot2024-03-16000346.png","name":"Screenshot2024-03-16000346","width":2445,"height":1375,"thumbnail":{"url":"np://user.desktop.nicepage.com/Site_934101630/images/thumbnails/Screenshot2024-03-16000346.png","width":250,"height":141},"usages":["25837437"]},{"id":"user-image-Screenshot2024-03-16133549.png","publicUrl":"np://user.desktop.nicepage.com/Site_934101630/images/Screenshot2024-03-16133549.png","size":534647,"hash":"j2o0prqj5/SPin7ZTJEkuGFBTfU=","fileName":"Screenshot2024-03-16133549.png","name":"Screenshot2024-03-16133549","width":1920,"height":1079,"thumbnail":{"url":"np://user.desktop.nicepage.com/Site_934101630/images/thumbnails/Screenshot2024-03-16133549.png","width":250,"height":140},"usages":["2010700305"]},{"id":"user-image-Screenshot2024-03-16133601.png","publicUrl":"np://user.desktop.nicepage.com/Site_934101630/images/Screenshot2024-03-16133601.png","size":408879,"hash":"Jf8XDgPA3dLFJmwkzk8zwoty8eY=","fileName":"Screenshot2024-03-16133601.png","name":"Screenshot2024-03-16133601","width":1920,"height":1079,"thumbnail":{"url":"np://user.desktop.nicepage.com/Site_934101630/images/thumbnails/Screenshot2024-03-16133601.png","width":250,"height":140},"usages":["2010700305"]},{"id":"user-image-Screenshot2024-03-16133609.png","publicUrl":"np://user.desktop.nicepage.com/Site_934101630/images/Screenshot2024-03-16133609.png","size":703388,"hash":"99s/f8FDbNubw8gRq3VbED6mhAg=","fileName":"Screenshot2024-03-16133609.png","name":"Screenshot2024-03-16133609","width":1920,"height":1090,"thumbnail":{"url":"np://user.desktop.nicepage.com/Site_934101630/images/thumbnails/Screenshot2024-03-16133609.png","width":250,"height":142},"usages":["2010700305"]},{"id":"user-image-Screenshot2024-03-16133619.png","publicUrl":"np://user.desktop.nicepage.com/Site_934101630/images/Screenshot2024-03-16133619.png","size":1192306,"hash":"vasFQYvDQU7UYSHrehAyybs3BjA=","fileName":"Screenshot2024-03-16133619.png","name":"Screenshot2024-03-16133619","width":1920,"height":1081,"thumbnail":{"url":"np://user.desktop.nicepage.com/Site_934101630/images/thumbnails/Screenshot2024-03-16133619.png","width":250,"height":141},"usages":["2010700305"]},{"id":"user-image-Screenshot2024-03-16133650.png","publicUrl":"np://user.desktop.nicepage.com/Site_934101630/images/Screenshot2024-03-16133650.png","size":561579,"hash":"8k+rPIyLVewF/N1xeeGq6HWk4oQ=","fileName":"Screenshot2024-03-16133650.png","name":"Screenshot2024-03-16133650","width":1920,"height":1075,"thumbnail":{"url":"np://user.desktop.nicepage.com/Site_934101630/images/thumbnails/Screenshot2024-03-16133650.png","width":250,"height":140},"usages":["2010700305"]},{"id":"user-image-ccjpg.png","publicUrl":"np://user.desktop.nicepage.com/Site_934101630/images/ccjpg.png","size":991311,"hash":"Y862lecy3ADlJ1Nfy9/XD0TpK+M=","fileName":"ccjpg.png","name":"ccjpg","width":862,"height":665,"thumbnail":{"url":"np://user.desktop.nicepage.com/Site_934101630/images/thumbnails/ccjpg.png","width":250,"height":193},"usages":["2010700305"]},{"id":"user-image-flightcomputer1.png","publicUrl":"np://user.desktop.nicepage.com/Site_934101630/images/flightcomputer1.png","size":404617,"hash":"Jmmo5BQ0ax/ExpE3qLFIYurcq8w=","fileName":"flightcomputer1.png","name":"flightcomputer1","width":445,"height":422,"thumbnail":{"url":"np://user.desktop.nicepage.com/Site_934101630/images/thumbnails/flightcomputer1.png","width":250,"height":237},"usages":["588500395","15419857"]},{"id":"user-image-front.JPEG","publicUrl":"np://user.desktop.nicepage.com/Site_934101630/images/front.JPEG","size":267639,"hash":"FSPiO196ogHoN5Q8WXMYG6S5EjI=","fileName":"front.JPEG","name":"front","width":1920,"height":1440,"thumbnail":{"url":"np://user.desktop.nicepage.com/Site_934101630/images/thumbnails/front.JPEG","width":250,"height":188},"usages":["588500395"]},{"id":"user-image-image.png","publicUrl":"np://user.desktop.nicepage.com/Site_934101630/images/image.png","size":13412,"hash":"xbCAPFN7AhXKPKcCUo0tPU1Wp/I=","fileName":"image.png","name":"image","width":728,"height":91,"thumbnail":{"url":"np://user.desktop.nicepage.com/Site_934101630/images/thumbnails/image.png","width":250,"height":31},"usages":[]},{"id":"user-image-image1.png","publicUrl":"np://user.desktop.nicepage.com/Site_934101630/images/image1.png","size":25233,"hash":"XfVVwMFLzSPhLAZXa4jUWSo3bJ4=","fileName":"image1.png","name":"image1","width":677,"height":182,"thumbnail":{"url":"np://user.desktop.nicepage.com/Site_934101630/images/thumbnails/image1.png","width":250,"height":67},"usages":["564630746"]},{"id":"user-image-image2.png","publicUrl":"np://user.desktop.nicepage.com/Site_934101630/images/image2.png","size":63045,"hash":"d0PCH9hVDZ5Aczh1T2RKENlTqPQ=","fileName":"image2.png","name":"image2","width":639,"height":153,"thumbnail":{"url":"np://user.desktop.nicepage.com/Site_934101630/images/thumbnails/image2.png","width":250,"height":60},"usages":[]},{"id":"user-image-image3.png","publicUrl":"np://user.desktop.nicepage.com/Site_934101630/images/image3.png","size":105834,"hash":"e9n/Bwor7aOmnm0iqN+BhMNsGnU=","fileName":"image3.png","name":"image3","width":640,"height":305,"thumbnail":{"url":"np://user.desktop.nicepage.com/Site_934101630/images/thumbnails/image3.png","width":250,"height":119},"usages":["564630746"]},{"id":"user-image-image4.png","publicUrl":"np://user.desktop.nicepage.com/Site_934101630/images/image4.png","size":30834,"hash":"PLYKTyWXs3020gCvMkRnutCuF34=","fileName":"image4.png","name":"image4","width":747,"height":340,"thumbnail":{"url":"np://user.desktop.nicepage.com/Site_934101630/images/thumbnails/image4.png","width":250,"height":114},"usages":["564630746"]},{"id":"user-image-image5.png","publicUrl":"np://user.desktop.nicepage.com/Site_934101630/images/image5.png","size":37550,"hash":"npwIc38+sl7n42pVBofPMPEdOWM=","fileName":"image5.png","name":"image5","width":593,"height":382,"thumbnail":{"url":"np://user.desktop.nicepage.com/Site_934101630/images/thumbnails/image5.png","width":250,"height":161},"usages":["564630746"]},{"id":"user-image-image6.png","publicUrl":"np://user.desktop.nicepage.com/Site_934101630/images/image6.png","size":36599,"hash":"RuWOID/qWzM5X0URPoBwZAeeRuY=","fileName":"image6.png","name":"image6","width":910,"height":210,"thumbnail":{"url":"np://user.desktop.nicepage.com/Site_934101630/images/thumbnails/image6.png","width":250,"height":58},"usages":["564630746"]},{"id":"user-image-insideview.JPG","publicUrl":"np://user.desktop.nicepage.com/Site_934101630/images/insideview.JPG","size":277875,"hash":"fJyTkQJnf5/6KI673J/F21ir8Bo=","fileName":"insideview.JPG","name":"insideview","width":1920,"height":1440,"thumbnail":{"url":"np://user.desktop.nicepage.com/Site_934101630/images/thumbnails/insideview.JPG","width":250,"height":188},"usages":["588500395"]},{"id":"user-image-lockheed_martin_logo.png","publicUrl":"np://user.desktop.nicepage.com/Site_934101630/images/lockheed_martin_logo.png","size":65461,"hash":"53TpnDNQqE6AXTBEC2Vp5TUa1Us=","fileName":"lockheed_martin_logo.png","name":"lockheed_martin_logo","width":600,"height":480,"thumbnail":{"url":"np://user.desktop.nicepage.com/Site_934101630/images/thumbnails/lockheed_martin_logo.png","width":250,"height":200},"usages":["564630746"]},{"id":"user-image-m.2driveadapter.png","publicUrl":"np://user.desktop.nicepage.com/Site_934101630/images/m.2driveadapter.png","size":89469,"hash":"dtn8l8Rx8uAZHf+jOz74Jd75hZ8=","fileName":"m.2driveadapter.png","name":"m.2driveadapter","width":1520,"height":850,"thumbnail":{"url":"np://user.desktop.nicepage.com/Site_934101630/images/thumbnails/m.2driveadapter.png","width":250,"height":140},"usages":["588500395"]},{"id":"user-image-motormount.jpg","publicUrl":"np://user.desktop.nicepage.com/Site_934101630/images/motormount.jpg","size":336829,"hash":"vg4eh2Swu500/cDuPhDqGyDtZ3I=","fileName":"motormount.jpg","name":"motormount","width":1440,"height":1920,"thumbnail":{"url":"np://user.desktop.nicepage.com/Site_934101630/images/thumbnails/motormount.jpg","width":188,"height":250},"usages":["588500395"]},{"id":"user-image-mewelding.png","publicUrl":"np://user.desktop.nicepage.com/Site_934101630/images/mewelding.png","size":612462,"hash":"LKdJEepmbsQfEKBk+AguGKhHrPM=","fileName":"mewelding.png","name":"mewelding","width":705,"height":444,"thumbnail":{"url":"np://user.desktop.nicepage.com/Site_934101630/images/thumbnails/mewelding.png","width":250,"height":157},"usages":["564630746"]},{"id":"user-image-output-onlinepngtools2.png","publicUrl":"np://user.desktop.nicepage.com/Site_934101630/images/output-onlinepngtools2.png","size":8132,"hash":"8D1raXJShRiSj/2bfbr6D8jfK5s=","fileName":"output-onlinepngtools2.png","name":"output-onlinepngtools2","width":225,"height":225,"thumbnail":{"url":"np://user.desktop.nicepage.com/Site_934101630/images/thumbnails/output-onlinepngtools2.png","width":225,"height":225,"length":8132,"type":"png"},"usages":["564630746"]},{"id":"user-image-Screenshot2024-03-14103658.png","publicUrl":"np://user.desktop.nicepage.com/Site_934101630/images/Screenshot2024-03-14103658.png","size":1562009,"hash":"ObK4T9o+0rbRfkPC3ftycatCCaw=","fileName":"Screenshot2024-03-14103658.png","name":"Screenshot2024-03-14103658","width":889,"height":1170,"thumbnail":{"url":"np://user.desktop.nicepage.com/Site_934101630/images/thumbnails/Screenshot2024-03-14103658.png","width":190,"height":250},"usages":["564630746"]},{"id":"user-image-pic2.jpg","publicUrl":"np://user.desktop.nicepage.com/Site_934101630/images/pic2.jpg","size":669567,"hash":"hVb4zPJSGcKa9H43424j7PXuo44=","fileName":"pic2.jpg","name":"pic2","width":1920,"height":1080,"thumbnail":{"url":"np://user.desktop.nicepage.com/Site_934101630/images/thumbnails/pic2.jpg","width":250,"height":141},"usages":["588500395"]},{"id":"user-image-pid.png","publicUrl":"np://user.desktop.nicepage.com/Site_934101630/images/pid.png","size":444308,"hash":"tK2zEsLN/Qe4lCmh6WVE773fnjw=","fileName":"pid.png","name":"pid","width":1575,"height":1363,"thumbnail":{"url":"np://user.desktop.nicepage.com/Site_934101630/images/thumbnails/pid.png","width":250,"height":216},"usages":[]},{"id":"user-image-rocketonlaunchpad.png","publicUrl":"np://user.desktop.nicepage.com/Site_934101630/images/rocketonlaunchpad.png","size":93764,"hash":"airjULyGU94jR2xHzQkniC1qA4M=","fileName":"rocketonlaunchpad.png","name":"rocketonlaunchpad","width":247,"height":250,"thumbnail":{"url":"np://user.desktop.nicepage.com/Site_934101630/images/thumbnails/rocketonlaunchpad.png","width":247,"height":250,"length":93764,"type":"png"},"usages":["588500395"]},{"id":"user-image-proudcreation.JPG","publicUrl":"np://user.desktop.nicepage.com/Site_934101630/images/proudcreation.JPG","size":348717,"hash":"e1pIQvimoo6zLIUmklOg5FHe3OM=","fileName":"proudcreation.JPG","name":"proudcreation","width":1920,"height":1440,"thumbnail":{"url":"np://user.desktop.nicepage.com/Site_934101630/images/thumbnails/proudcreation.JPG","width":250,"height":188},"usages":["588500395"]},{"id":"user-image-sparks.png","publicUrl":"np://user.desktop.nicepage.com/Site_934101630/images/sparks.png","size":997713,"hash":"X49Jh9zYYWqBrSbmNUZsgN+2kn8=","fileName":"sparks.png","name":"sparks","width":2327,"height":1174,"thumbnail":{"url":"np://user.desktop.nicepage.com/Site_934101630/images/thumbnails/sparks.png","width":250,"height":126},"usages":[]},{"id":"user-image-v2cad.png","publicUrl":"np://user.desktop.nicepage.com/Site_934101630/images/v2cad.png","size":724402,"hash":"50/ZeThPeeanb+orsSHOfNRsyLk=","fileName":"v2cad.png","name":"v2cad","width":1520,"height":850,"thumbnail":{"url":"np://user.desktop.nicepage.com/Site_934101630/images/thumbnails/v2cad.png","width":250,"height":140},"usages":["588500395"]},{"id":"user-image-watergeneratorcad.png","publicUrl":"np://user.desktop.nicepage.com/Site_934101630/images/watergeneratorcad.png","size":361131,"hash":"ORVwNXYjKI2DtkQ7Ii10Yu368TY=","fileName":"watergeneratorcad.png","name":"watergeneratorcad","width":867,"height":599,"thumbnail":{"url":"np://user.desktop.nicepage.com/Site_934101630/images/thumbnails/watergeneratorcad.png","width":250,"height":173},"usages":["588500395"]},{"id":"user-image-wodav8.png","publicUrl":"np://user.desktop.nicepage.com/Site_934101630/images/wodav8.png","size":112177,"hash":"PW1sk+JUqLGSTTdrEOmtvAEzJKA=","fileName":"wodav8.png","name":"wodav8","width":1520,"height":850,"thumbnail":{"url":"np://user.desktop.nicepage.com/Site_934101630/images/thumbnails/wodav8.png","width":250,"height":140},"usages":["588500395"]},{"id":"user-image-youngme.jpg","publicUrl":"np://user.desktop.nicepage.com/Site_934101630/images/youngme.jpg","size":505462,"hash":"9Xp3X/UmlA0hWLJ62RQLa7B6Vj4=","fileName":"youngme.jpg","name":"youngme","width":1920,"height":1440,"thumbnail":{"url":"np://user.desktop.nicepage.com/Site_934101630/images/thumbnails/youngme.jpg","width":250,"height":188},"usages":["588500395"]},{"id":"user-image-folder-de701d90-c9a6-8e94-3e4f-f3b2f300ed32","isFolder":true,"title":"NasaSL","folderId":null,"count":13,"usages":[]},{"id":"user-image-folder-840aa6b1-89fb-d73a-b062-911717e04056","isFolder":true,"title":"tr6","folderId":null,"count":0,"usages":[]},{"id":"user-image-folder-cadb4b85-c355-449c-b2ee-13f979783cbc","isFolder":true,"title":"DAQ-BOX","folderId":null,"count":23,"usages":[]},{"id":"user-image-folder-c37a5574-b484-7aae-9944-503e7b616a22","isFolder":true,"title":"MXOD","folderId":null,"count":0,"usages":[]},{"id":"user-image-folder-86c554f8-5d43-dddd-1c4f-96298eda5775","isFolder":true,"title":"Dibber","folderId":null,"count":0,"usages":[]}]