[{"id":962326829,"isFolder":true,"title":"projectSubPages","status":2,"order":null,"dateCreated":null,"dateUpdated":null,"folderId":null},{"id":2550922240,"title":"Blog Template","order":1,"templateKey":"blog","customTemplate":false,"customTemplateFilename":null,"pageLinks":[],"dateCreated":"2023-12-13T17:54:06.796Z","dateUpdated":"2023-12-13T17:54:09.045Z","folderId":null,"pageName":"Blog Template","serverPageId":null,"sectionCount":1,"status":2,"backwardUrl":null},{"id":174241185,"title":"Post Template","order":2,"templateKey":"post","customTemplate":false,"customTemplateFilename":null,"pageLinks":[],"dateCreated":"2023-12-13T17:54:06.993Z","dateUpdated":"2023-12-13T17:54:09.045Z","folderId":null,"pageName":"Post Template","serverPageId":null,"sectionCount":1,"status":2,"backwardUrl":null},{"id":1949414426,"title":"Product List Template","order":3,"templateKey":"products","customTemplate":false,"customTemplateFilename":null,"pageLinks":[],"dateCreated":"2023-12-13T17:54:07.182Z","dateUpdated":"2023-12-13T17:54:09.045Z","folderId":null,"pageName":"Product List Template","serverPageId":null,"sectionCount":1,"status":2,"backwardUrl":null},{"id":954029665,"title":"Product Details Template","order":4,"templateKey":"product","customTemplate":false,"customTemplateFilename":null,"pageLinks":[],"dateCreated":"2023-12-13T17:54:07.382Z","dateUpdated":"2023-12-13T17:54:09.045Z","folderId":null,"pageName":"Product Details Template","serverPageId":null,"sectionCount":1,"status":2,"backwardUrl":null},{"id":2674410050,"title":"Shopping Cart Template","order":5,"templateKey":"cart","customTemplate":false,"customTemplateFilename":null,"pageLinks":[],"dateCreated":"2023-12-13T17:54:07.563Z","dateUpdated":"2023-12-13T17:54:09.045Z","folderId":null,"pageName":"Shopping Cart Template","serverPageId":null,"sectionCount":1,"status":2,"backwardUrl":null},{"id":65145849,"title":"Checkout Template","order":6,"templateKey":"checkout","customTemplate":false,"customTemplateFilename":null,"pageLinks":[],"dateCreated":"2023-12-13T17:54:07.789Z","dateUpdated":"2023-12-13T17:54:09.045Z","folderId":null,"pageName":"Checkout Template","serverPageId":null,"sectionCount":1,"status":2,"backwardUrl":null},{"id":35912742,"title":"Login Template","order":7,"templateKey":"login","customTemplate":false,"customTemplateFilename":null,"pageLinks":[],"dateCreated":"2023-12-13T17:54:07.916Z","dateUpdated":"2023-12-13T17:54:09.048Z","folderId":null,"pageName":"Login Template","serverPageId":null,"sectionCount":1,"status":2,"backwardUrl":null},{"id":288458851,"title":"Search Page Template","order":8,"templateKey":"Search","customTemplate":false,"customTemplateFilename":null,"pageLinks":[],"dateCreated":"2025-07-24T03:18:15.064Z","dateUpdated":"2025-07-24T03:18:15.145Z","folderId":null,"pageName":"Search Page Template","serverPageId":null,"sectionCount":1,"status":2,"backwardUrl":null},{"id":208612896,"title":"Page Password Template","order":9,"templateKey":"password","customTemplate":false,"customTemplateFilename":null,"pageLinks":[],"dateCreated":"2023-12-13T17:54:08.025Z","dateUpdated":"2023-12-13T17:54:09.048Z","folderId":null,"pageName":"Page Password Template","serverPageId":null,"sectionCount":1,"status":2,"backwardUrl":null},{"id":880206555,"title":"404 Not Found Template","order":10,"templateKey":"404","customTemplate":false,"customTemplateFilename":null,"pageLinks":[],"dateCreated":"2023-12-13T17:54:08.127Z","dateUpdated":"2023-12-13T17:54:09.048Z","folderId":null,"pageName":"404 Not Found Template","serverPageId":null,"sectionCount":1,"status":2,"backwardUrl":null},{"id":145139598,"title":"Thank You Page Template","order":11,"templateKey":"ThankYou","customTemplate":false,"customTemplateFilename":null,"pageLinks":[],"dateCreated":"2023-12-13T17:54:08.239Z","dateUpdated":"2023-12-13T17:54:09.048Z","folderId":null,"pageName":"Thank You Page Template","serverPageId":null,"sectionCount":1,"status":2,"backwardUrl":null},{"id":59605397,"title":"About","order":50,"templateKey":null,"customTemplate":false,"customTemplateFilename":null,"pageLinks":["588500395"],"dateCreated":"2023-12-13T17:55:34.266Z","dateUpdated":"2024-03-14T18:17:57.263Z","folderId":null,"pageName":"About_59605397","serverPageId":null,"sectionCount":4,"status":2,"backwardUrl":null},{"id":564630746,"title":"Overview","order":100,"templateKey":null,"customTemplate":false,"customTemplateFilename":null,"pageLinks":["219980260","25837437","1548412517","588500395"],"dateCreated":"2023-12-13T17:54:08.323Z","dateUpdated":"2025-09-11T02:30:40.140Z","folderId":null,"pageName":"Overview_564630746","serverPageId":null,"sectionCount":7,"status":2,"backwardUrl":null},{"id":856823453,"title":"Contact","order":101,"templateKey":null,"customTemplate":false,"customTemplateFilename":null,"pageLinks":[],"dateCreated":"2023-12-13T17:54:08.428Z","dateUpdated":"2024-03-14T15:28:04.712Z","folderId":null,"pageName":"Contact_856823453","serverPageId":null,"sectionCount":1,"status":2,"backwardUrl":null},{"id":588500395,"title":"Projects","order":102,"templateKey":null,"customTemplate":false,"customTemplateFilename":null,"pageLinks":["2010700305","25837437","15419857"],"dateCreated":"2023-12-31T14:15:37.938Z","dateUpdated":"2025-09-09T20:12:39.470Z","folderId":null,"pageName":"Projects_588500395","serverPageId":null,"sectionCount":4,"status":2,"backwardUrl":null},{"id":25837437,"title":"Mach10OD","order":103,"templateKey":null,"customTemplate":false,"customTemplateFilename":null,"pageLinks":[],"dateCreated":"2023-12-31T14:29:25.102Z","dateUpdated":"2025-09-09T21:57:07.089Z","folderId":962326829,"pageName":"Mach10OD_25837437","serverPageId":null,"sectionCount":2,"status":2,"backwardUrl":null},{"id":2010700305,"title":"C-C Holder","order":104,"templateKey":null,"customTemplate":false,"customTemplateFilename":null,"pageLinks":[],"dateCreated":"2024-03-16T04:36:04.032Z","dateUpdated":"2025-09-08T23:32:13.666Z","folderId":962326829,"pageName":"C-C Holder_2010700305","serverPageId":null,"sectionCount":2,"status":2,"backwardUrl":null},{"id":219980260,"title":"TR6","order":104.5,"templateKey":null,"customTemplate":false,"customTemplateFilename":null,"pageLinks":[],"dateCreated":"2024-03-16T04:36:04.032Z","dateUpdated":"2025-09-09T19:26:47.040Z","folderId":962326829,"pageName":"TR6_219980260","serverPageId":null,"sectionCount":16,"status":2,"backwardUrl":null},{"id":36987431,"title":"DAQ-BOX","order":105,"templateKey":null,"customTemplate":false,"customTemplateFilename":null,"pageLinks":[],"dateCreated":"2024-03-16T19:02:49.461Z","dateUpdated":"2024-03-16T19:03:55.921Z","folderId":5625160,"pageName":"DAQ-BOX_36987431","serverPageId":null,"sectionCount":2,"status":2,"backwardUrl":null},{"id":2479625873,"title":"projectTemplate","order":107,"templateKey":null,"customTemplate":false,"customTemplateFilename":null,"pageLinks":[],"dateCreated":"2025-09-09T18:37:53.189Z","dateUpdated":"2025-09-09T22:00:10.987Z","folderId":962326829,"pageName":"projectTemplate_2479625873","serverPageId":null,"sectionCount":4,"status":2,"backwardUrl":null},{"id":15419857,"title":"nasaSL","order":108,"templateKey":null,"customTemplate":false,"customTemplateFilename":null,"pageLinks":[],"dateCreated":"2025-09-09T19:06:45.067Z","dateUpdated":"2025-09-09T20:13:36.391Z","folderId":962326829,"pageName":"nasaSL_15419857","serverPageId":null,"sectionCount":6,"status":2,"backwardUrl":null},{"id":1548412517,"title":"DAQBOX","order":109,"templateKey":null,"customTemplate":false,"customTemplateFilename":null,"pageLinks":[],"dateCreated":"2025-09-09T22:00:32.370Z","dateUpdated":"2025-09-09T23:00:24.656Z","folderId":962326829,"pageName":"DAQBOX_1548412517","serverPageId":null,"sectionCount":13,"status":2,"backwardUrl":null},{"id":5625160,"isFolder":true,"title":"archive","status":2,"order":null,"dateCreated":null,"dateUpdated":null,"folderId":962326829}]